Workbook

Sheet Raw Data
A1: S.no | B1: Name | C1: Designation | D1: Bank Account number | E1: Pre salary | F1: Basic salary | G1: Total salary | H1: Adv salary | I1: Etra peroid | J1: No of days | K1: One day salary | L1: Deduction | M1: Currnet Salary | N1: Pay able salary | O1: Paid salay | P1: Date | Q1: Pending Salary | R1: % un paid
A2: 1 | B2: Rida | C2: English | D2: 24353535 | E2: 4000 | F2: 13000 | G2: =E2+F2 -> 17000 | H2: 1600 | I2: 5000 | J2: 27 | K2: =F2/30 -> 433.33333 | L2: =F2-M2 -> 2900 | M2: =J2*K2-H2 -> 10100 | N2: =M2+E2+I2 -> 19100 | O2: 0 | P2: 13-3-2026 | Q2: =N2-O2 -> 19100 | R2: =Table2[[#This Row],[Pending Salary]]/Table2[[#This Row],[Pay able salary]] -> 1
A3: 2 | B3: Nisan | C3: urdu | D3: 24353536 | E3: 0 | F3: 13000 | G3: =E3+F3 -> 13000 | I3: 0 | J3: 30 | K3: =F3/30 -> 433.33333 | L3: =F3-M3 -> 0 | M3: =J3*K3-H3 -> 13000 | N3: =M3+E3+I3 -> 13000 | O3: 13000 | P3: 23-3-2026 | Q3: =N3-O3 -> 0 | R3: =Table2[[#This Row],[Pending Salary]]/Table2[[#This Row],[Pay able salary]] -> 0
A4: 3 | B4: Saqib | C4: Maths | D4: 24353537 | E4: 700 | F4: 27000 | G4: =E4+F4 -> 27700 | I4: 0 | J4: 30 | K4: =F4/30 -> 900 | L4: =F4-M4 -> 0 | M4: =J4*K4-H4 -> 27000 | N4: =M4+E4+I4 -> 27700 | O4: 20000 | P4: 23-3-2026 | Q4: =N4-O4 -> 7700 | R4: =Table2[[#This Row],[Pending Salary]]/Table2[[#This Row],[Pay able salary]] -> 0.27797834
A5: 4 | B5: Kashif | C5: Computer | D5: 24353538 | E5: 0 | F5: 3643 | G5: =E5+F5 -> 3643 | I5: 0 | J5: 15 | K5: =F5/30 -> 121.43333 | L5: =F5-M5 -> 1821.5 | M5: =J5*K5-H5 -> 1821.5 | N5: =M5+E5+I5 -> 1821.5 | O5: 1800 | P5: 23-3-2026 | Q5: =N5-O5 -> 21.5 | R5: =Table2[[#This Row],[Pending Salary]]/Table2[[#This Row],[Pay able salary]] -> 0.011803459
A6: 5 | B6: Asif | C6: Commerce | D6: 24353539 | E6: 0 | F6: 5555 | G6: =E6+F6 -> 5555 | I6: 0 | J6: 24 | K6: =F6/30 -> 185.16667 | L6: =F6-M6 -> 1111 | M6: =J6*K6-H6 -> 4444 | N6: =M6+E6+I6 -> 4444 | O6: 4444 | P6: 23-3-2026 | Q6: =N6-O6 -> 0 | R6: =Table2[[#This Row],[Pending Salary]]/Table2[[#This Row],[Pay able salary]] -> 0
A7: 6 | B7: Rifaq | C7: Islamyat | D7: 24353540 | E7: 0 | F7: 7000 | G7: =E7+F7 -> 7000 | I7: 1000 | J7: 25 | K7: =F7/30 -> 233.33333 | L7: =F7-M7 -> 1166.6667 | M7: =J7*K7-H7 -> 5833.3333 | N7: =M7+E7+I7 -> 6833.3333 | O7: 6833 | P7: 23-3-2026 | Q7: =N7-O7 -> 0.33333333 | R7: =Table2[[#This Row],[Pending Salary]]/Table2[[#This Row],[Pay able salary]] -> 4.8780488e-05
A8: 7 | B8: Faisal | C8: Maths | D8: 24353541 | E8: 6000 | F8: 7001 | G8: =E8+F8 -> 13001 | I8: 0 | J8: 30 | K8: =F8/30 -> 233.36667 | L8: =F8-M8 -> 0 | M8: =J8*K8-H8 -> 7001 | N8: =M8+E8+I8 -> 13001 | O8: 13001 | P8: 23-3-2026 | Q8: =N8-O8 -> 0 | R8: =Table2[[#This Row],[Pending Salary]]/Table2[[#This Row],[Pay able salary]] -> 0
A9: 8 | B9: kamran | C9: Lab attendance | D9: 24353542 | E9: 7000 | F9: 7002 | G9: =E9+F9 -> 14002 | I9: 0 | J9: 27 | K9: =F9/30 -> 233.4 | L9: =F9-M9 -> 700.2 | M9: =J9*K9-H9 -> 6301.8 | N9: =M9+E9+I9 -> 13301.8 | O9: 6000 | P9: 23-3-2026 | Q9: =N9-O9 -> 7301.8 | R9: =Table2[[#This Row],[Pending Salary]]/Table2[[#This Row],[Pay able salary]] -> 0.54893323
A10: 9 | B10: somira | C10: Accountant | D10: 24353543 | E10: 0 | F10: 7003 | G10: =E10+F10 -> 7003 | I10: 0 | J10: 28 | K10: =F10/30 -> 233.43333 | L10: =F10-M10 -> 466.86667 | M10: =J10*K10-H10 -> 6536.1333 | N10: =M10+E10+I10 -> 6536.1333 | O10: 0 | P10: 23-3-2026 | Q10: =N10-O10 -> 6536.1333 | R10: =Table2[[#This Row],[Pending Salary]]/Table2[[#This Row],[Pay able salary]] -> 1
A11: 10 | B11: Amana | C11: Office worker | D11: 24353544 | E11: 0 | F11: 7004 | G11: =E11+F11 -> 7004 | I11: 0 | J11: 29 | K11: =F11/30 -> 233.46667 | L11: =F11-M11 -> 233.46667 | M11: =J11*K11-H11 -> 6770.5333 | N11: =M11+E11+I11 -> 6770.5333 | O11: 5000 | P11: 23-3-2026 | Q11: =N11-O11 -> 1770.5333 | R11: =Table2[[#This Row],[Pending Salary]]/Table2[[#This Row],[Pay able salary]] -> 0.26150574
A12: TOTAL SALARY | E12: =SUM(E2:E11) -> 17700 | F12: =SUM(F2:F11) -> 97208 | G12: =SUM(G2:G11) -> 114908 | H12: =SUM(H2:H11) -> 1600 | I12: =SUM(I2:I11) -> 6000 | J12: =SUM(J2:J11) -> 265 | K12: =SUM(K2:K11) -> 3240.2667 | L12: =SUM(L2:L11) -> 8399.7 | ... O12: =SUM(O2:O11) -> 70078 | Q12: =SUM(Q2:Q11) -> 42430.3 | R12: =Table2[[#This Row],[Pending Salary]]/Table2[[#This Row],[Pay able salary]] -> 0.3771304
A13: PAYABLE SALARY | C13: =N12 -> 112508.3 | D13: PAID SALARY | E13: =O12 -> 70078 | G13: PENDING SALARY | I13: =C13-E13 -> 42430.3 | R13: =Table2[[#This Row],[Pending Salary]]/Table2[[#This Row],[Pay able salary]] -> #DIV/0!

Sheet Company Sheet
A1: Company Name : MS Transport | D1: Month: September 2026 | G1: Department Pay Roll
A3: EMPLOYEE INFORMATION | G3: SALARY COMPONENTS | L3: DEDUCTION AND CALCULATION
A4: S.NO | B4: Employee Name | D4: Designation | E4: Bank Account | G4: Basic Salary | H4: Advance Salary | I4: Extra Period | J4: Total Salary | L4: No. of Days Worked | M4: One Day Salary | N4: Deductions | O4: Current Salary
A5: =MIN('Raw Data'!A2:A11) -> 1 | B5: =_xlfn.XLOOKUP(A5,'Raw Data'!A2:A11,'Raw Data'!B2:B11) -> Rida | D5: =_xlfn.XLOOKUP(A5,'Raw Data'!A2:A11,'Raw Data'!C2:C11) -> English | E5: =_xlfn.XLOOKUP(A5,'Raw Data'!A2:A11,'Raw Data'!D2:D11) -> 24353535 | G5: =_xlfn.XLOOKUP(A5,'Raw Data'!A2:A11,'Raw Data'!F2:F11) -> 13000 | H5: =_xlfn.XLOOKUP(A5,'Raw Data'!A2:A11,'Raw Data'!H2:H11) -> 1600 | I5: =_xlfn.XLOOKUP(B5,'Raw Data'!B2:B11,'Raw Data'!I2:I11) -> 5000 | J5: =_xlfn.XLOOKUP(A5,'Raw Data'!A2:A11,'Raw Data'!G2:G11) -> 17000 | L5: =_xlfn.XLOOKUP(A5,'Raw Data'!A2:A11,'Raw Data'!J2:J11) -> 27 | M5: =_xlfn.XLOOKUP(B5,'Raw Data'!B2:B11,'Raw Data'!K2:K11) -> 433.33333 | N5: =_xlfn.XLOOKUP(A5, 'Raw Data'!$A$2:$A$11, 'Raw Data'!$L$2:$L$11) -> 2900 | O5: =_xlfn.XLOOKUP(A5,'Raw Data'!A2:A11,'Raw Data'!M2:M11) -> 10100
A6: =MIN('Raw Data'!A3:A12) -> 2 | B6: =_xlfn.XLOOKUP(A6,'Raw Data'!A3:A12,'Raw Data'!B3:B12) -> Nisan | D6: =_xlfn.XLOOKUP(A6,'Raw Data'!A3:A12,'Raw Data'!C3:C12) -> urdu | E6: =_xlfn.XLOOKUP(A6,'Raw Data'!A3:A12,'Raw Data'!D3:D12) -> 24353536 | G6: =_xlfn.XLOOKUP(A6,'Raw Data'!A3:A12,'Raw Data'!F3:F12) -> 13000 | H6: =_xlfn.XLOOKUP(A6,'Raw Data'!A3:A12,'Raw Data'!H3:H12) -> 0 | I6: =_xlfn.XLOOKUP(B6,'Raw Data'!B3:B12,'Raw Data'!I3:I12) -> 0 | J6: =_xlfn.XLOOKUP(A6,'Raw Data'!A3:A12,'Raw Data'!G3:G12) -> 13000 | L6: =_xlfn.XLOOKUP(A6,'Raw Data'!A3:A12,'Raw Data'!J3:J12) -> 30 | M6: =_xlfn.XLOOKUP(B6,'Raw Data'!B3:B12,'Raw Data'!K3:K12) -> 433.33333 | N6: =_xlfn.XLOOKUP(A6, 'Raw Data'!$A$2:$A$11, 'Raw Data'!$L$2:$L$11) -> 0 | O6: =_xlfn.XLOOKUP(A6,'Raw Data'!A3:A12,'Raw Data'!M3:M12) -> 13000
A7: =MIN('Raw Data'!A4:A13) -> 3 | B7: =_xlfn.XLOOKUP(A7,'Raw Data'!A4:A13,'Raw Data'!B4:B13) -> Saqib | D7: =_xlfn.XLOOKUP(A7,'Raw Data'!A4:A13,'Raw Data'!C4:C13) -> Maths | E7: =_xlfn.XLOOKUP(A7,'Raw Data'!A4:A13,'Raw Data'!D4:D13) -> 24353537 | G7: =_xlfn.XLOOKUP(A7,'Raw Data'!A4:A13,'Raw Data'!F4:F13) -> 27000 | H7: =_xlfn.XLOOKUP(A7,'Raw Data'!A4:A13,'Raw Data'!H4:H13) -> 0 | I7: =_xlfn.XLOOKUP(B7,'Raw Data'!B4:B13,'Raw Data'!I4:I13) -> 0 | J7: =_xlfn.XLOOKUP(A7,'Raw Data'!A4:A13,'Raw Data'!G4:G13) -> 27700 | L7: =_xlfn.XLOOKUP(A7,'Raw Data'!A4:A13,'Raw Data'!J4:J13) -> 30 | M7: =_xlfn.XLOOKUP(B7,'Raw Data'!B4:B13,'Raw Data'!K4:K13) -> 900 | N7: =_xlfn.XLOOKUP(A7, 'Raw Data'!$A$2:$A$11, 'Raw Data'!$L$2:$L$11) -> 0 | O7: =_xlfn.XLOOKUP(A7,'Raw Data'!A4:A13,'Raw Data'!M4:M13) -> 27000
A8: =MIN('Raw Data'!A5:A14) -> 4 | B8: =_xlfn.XLOOKUP(A8,'Raw Data'!A5:A14,'Raw Data'!B5:B14) -> Kashif | D8: =_xlfn.XLOOKUP(A8,'Raw Data'!A5:A14,'Raw Data'!C5:C14) -> Computer | E8: =_xlfn.XLOOKUP(A8,'Raw Data'!A5:A14,'Raw Data'!D5:D14) -> 24353538 | G8: =_xlfn.XLOOKUP(A8,'Raw Data'!A5:A14,'Raw Data'!F5:F14) -> 3643 | H8: =_xlfn.XLOOKUP(A8,'Raw Data'!A5:A14,'Raw Data'!H5:H14) -> 0 | I8: =_xlfn.XLOOKUP(B8,'Raw Data'!B5:B14,'Raw Data'!I5:I14) -> 0 | J8: =_xlfn.XLOOKUP(A8,'Raw Data'!A5:A14,'Raw Data'!G5:G14) -> 3643 | L8: =_xlfn.XLOOKUP(A8,'Raw Data'!A5:A14,'Raw Data'!J5:J14) -> 15 | M8: =_xlfn.XLOOKUP(B8,'Raw Data'!B5:B14,'Raw Data'!K5:K14) -> 121.43333 | N8: =_xlfn.XLOOKUP(A8, 'Raw Data'!$A$2:$A$11, 'Raw Data'!$L$2:$L$11) -> 1821.5 | O8: =_xlfn.XLOOKUP(A8,'Raw Data'!A5:A14,'Raw Data'!M5:M14) -> 1821.5
A9: =MIN('Raw Data'!A6:A15) -> 5 | B9: =_xlfn.XLOOKUP(A9,'Raw Data'!A6:A15,'Raw Data'!B6:B15) -> Asif | D9: =_xlfn.XLOOKUP(A9,'Raw Data'!A6:A15,'Raw Data'!C6:C15) -> Commerce | E9: =_xlfn.XLOOKUP(A9,'Raw Data'!A6:A15,'Raw Data'!D6:D15) -> 24353539 | G9: =_xlfn.XLOOKUP(A9,'Raw Data'!A6:A15,'Raw Data'!F6:F15) -> 5555 | H9: =_xlfn.XLOOKUP(A9,'Raw Data'!A6:A15,'Raw Data'!H6:H15) -> 0 | I9: =_xlfn.XLOOKUP(B9,'Raw Data'!B6:B15,'Raw Data'!I6:I15) -> 0 | J9: =_xlfn.XLOOKUP(A9,'Raw Data'!A6:A15,'Raw Data'!G6:G15) -> 5555 | L9: =_xlfn.XLOOKUP(A9,'Raw Data'!A6:A15,'Raw Data'!J6:J15) -> 24 | M9: =_xlfn.XLOOKUP(B9,'Raw Data'!B6:B15,'Raw Data'!K6:K15) -> 185.16667 | N9: =_xlfn.XLOOKUP(A9, 'Raw Data'!$A$2:$A$11, 'Raw Data'!$L$2:$L$11) -> 1111 | O9: =_xlfn.XLOOKUP(A9,'Raw Data'!A6:A15,'Raw Data'!M6:M15) -> 4444
A10: =MIN('Raw Data'!A7:A16) -> 6 | B10: =_xlfn.XLOOKUP(A10,'Raw Data'!A7:A16,'Raw Data'!B7:B16) -> Rifaq | D10: =_xlfn.XLOOKUP(A10,'Raw Data'!A7:A16,'Raw Data'!C7:C16) -> Islamyat | E10: =_xlfn.XLOOKUP(A10,'Raw Data'!A7:A16,'Raw Data'!D7:D16) -> 24353540 | G10: =_xlfn.XLOOKUP(A10,'Raw Data'!A7:A16,'Raw Data'!F7:F16) -> 7000 | H10: =_xlfn.XLOOKUP(A10,'Raw Data'!A7:A16,'Raw Data'!H7:H16) -> 0 | I10: =_xlfn.XLOOKUP(B10,'Raw Data'!B7:B16,'Raw Data'!I7:I16) -> 1000 | J10: =_xlfn.XLOOKUP(A10,'Raw Data'!A7:A16,'Raw Data'!G7:G16) -> 7000 | L10: =_xlfn.XLOOKUP(A10,'Raw Data'!A7:A16,'Raw Data'!J7:J16) -> 25 | M10: =_xlfn.XLOOKUP(B10,'Raw Data'!B7:B16,'Raw Data'!K7:K16) -> 233.33333 | N10: =_xlfn.XLOOKUP(A10, 'Raw Data'!$A$2:$A$11, 'Raw Data'!$L$2:$L$11) -> 1166.6667 | O10: =_xlfn.XLOOKUP(A10,'Raw Data'!A7:A16,'Raw Data'!M7:M16) -> 5833.3333
A11: =MIN('Raw Data'!A8:A17) -> 7 | B11: =_xlfn.XLOOKUP(A11,'Raw Data'!A8:A17,'Raw Data'!B8:B17) -> Faisal | D11: =_xlfn.XLOOKUP(A11,'Raw Data'!A8:A17,'Raw Data'!C8:C17) -> Maths | E11: =_xlfn.XLOOKUP(A11,'Raw Data'!A8:A17,'Raw Data'!D8:D17) -> 24353541 | G11: =_xlfn.XLOOKUP(A11,'Raw Data'!A8:A17,'Raw Data'!F8:F17) -> 7001 | H11: =_xlfn.XLOOKUP(A11,'Raw Data'!A8:A17,'Raw Data'!H8:H17) -> 0 | I11: =_xlfn.XLOOKUP(B11,'Raw Data'!B8:B17,'Raw Data'!I8:I17) -> 0 | J11: =_xlfn.XLOOKUP(A11,'Raw Data'!A8:A17,'Raw Data'!G8:G17) -> 13001 | L11: =_xlfn.XLOOKUP(A11,'Raw Data'!A8:A17,'Raw Data'!J8:J17) -> 30 | M11: =_xlfn.XLOOKUP(B11,'Raw Data'!B8:B17,'Raw Data'!K8:K17) -> 233.36667 | N11: =_xlfn.XLOOKUP(A11, 'Raw Data'!$A$2:$A$11, 'Raw Data'!$L$2:$L$11) -> 0 | O11: =_xlfn.XLOOKUP(A11,'Raw Data'!A8:A17,'Raw Data'!M8:M17) -> 7001
A12: =MIN('Raw Data'!A9:A18) -> 8 | B12: =_xlfn.XLOOKUP(A12,'Raw Data'!A9:A18,'Raw Data'!B9:B18) -> kamran | D12: =_xlfn.XLOOKUP(A12,'Raw Data'!A9:A18,'Raw Data'!C9:C18) -> Lab attendance | E12: =_xlfn.XLOOKUP(A12,'Raw Data'!A9:A18,'Raw Data'!D9:D18) -> 24353542 | G12: =_xlfn.XLOOKUP(A12,'Raw Data'!A9:A18,'Raw Data'!F9:F18) -> 7002 | H12: =_xlfn.XLOOKUP(A12,'Raw Data'!A9:A18,'Raw Data'!H9:H18) -> 0 | I12: =_xlfn.XLOOKUP(B12,'Raw Data'!B9:B18,'Raw Data'!I9:I18) -> 0 | J12: =_xlfn.XLOOKUP(A12,'Raw Data'!A9:A18,'Raw Data'!G9:G18) -> 14002 | L12: =_xlfn.XLOOKUP(A12,'Raw Data'!A9:A18,'Raw Data'!J9:J18) -> 27 | M12: =_xlfn.XLOOKUP(B12,'Raw Data'!B9:B18,'Raw Data'!K9:K18) -> 233.4 | N12: =_xlfn.XLOOKUP(A12, 'Raw Data'!$A$2:$A$11, 'Raw Data'!$L$2:$L$11) -> 700.2 | O12: =_xlfn.XLOOKUP(A12,'Raw Data'!A9:A18,'Raw Data'!M9:M18) -> 6301.8
A13: =MIN('Raw Data'!A10:A19) -> 9 | B13: =_xlfn.XLOOKUP(A13,'Raw Data'!A10:A19,'Raw Data'!B10:B19) -> somira | D13: =_xlfn.XLOOKUP(A13,'Raw Data'!A10:A19,'Raw Data'!C10:C19) -> Accountant | E13: =_xlfn.XLOOKUP(A13,'Raw Data'!A10:A19,'Raw Data'!D10:D19) -> 24353543 | G13: =_xlfn.XLOOKUP(A13,'Raw Data'!A10:A19,'Raw Data'!F10:F19) -> 7003 | H13: =_xlfn.XLOOKUP(A13,'Raw Data'!A10:A19,'Raw Data'!H10:H19) -> 0 | I13: =_xlfn.XLOOKUP(B13,'Raw Data'!B10:B19,'Raw Data'!I10:I19) -> 0 | J13: =_xlfn.XLOOKUP(A13,'Raw Data'!A10:A19,'Raw Data'!G10:G19) -> 7003 | L13: =_xlfn.XLOOKUP(A13,'Raw Data'!A10:A19,'Raw Data'!J10:J19) -> 28 | M13: =_xlfn.XLOOKUP(B13,'Raw Data'!B10:B19,'Raw Data'!K10:K19) -> 233.43333 | N13: =_xlfn.XLOOKUP(A13, 'Raw Data'!$A$2:$A$11, 'Raw Data'!$L$2:$L$11) -> 466.86667 | O13: =_xlfn.XLOOKUP(A13,'Raw Data'!A10:A19,'Raw Data'!M10:M19) -> 6536.1333
A14: =MIN('Raw Data'!A11:A20) -> 10 | B14: =_xlfn.XLOOKUP(A14,'Raw Data'!A11:A20,'Raw Data'!B11:B20) -> Amana | D14: =_xlfn.XLOOKUP(A14,'Raw Data'!A11:A20,'Raw Data'!C11:C20) -> Office worker | E14: =_xlfn.XLOOKUP(A14,'Raw Data'!A11:A20,'Raw Data'!D11:D20) -> 24353544 | G14: =_xlfn.XLOOKUP(A14,'Raw Data'!A11:A20,'Raw Data'!F11:F20) -> 7004 | H14: =_xlfn.XLOOKUP(A14,'Raw Data'!A11:A20,'Raw Data'!H11:H20) -> 0 | I14: =_xlfn.XLOOKUP(B14,'Raw Data'!B11:B20,'Raw Data'!I11:I20) -> 0 | J14: =_xlfn.XLOOKUP(A14,'Raw Data'!A11:A20,'Raw Data'!G11:G20) -> 7004 | L14: =_xlfn.XLOOKUP(A14,'Raw Data'!A11:A20,'Raw Data'!J11:J20) -> 29 | M14: =_xlfn.XLOOKUP(B14,'Raw Data'!B11:B20,'Raw Data'!K11:K20) -> 233.46667 | N14: =_xlfn.XLOOKUP(A14, 'Raw Data'!$A$2:$A$11, 'Raw Data'!$L$2:$L$11) -> 233.46667 | O14: =_xlfn.XLOOKUP(A14,'Raw Data'!A11:A20,'Raw Data'!M11:M20) -> 6770.5333
A16: PAYMENT SUMMARY
A17: Payable Salary | B17: Paid Salary | C17: Pending Salary | D17: Payment Date | E17: Status
A18: =_xlfn.XLOOKUP(A5,'Raw Data'!A2:A11,'Raw Data'!N2:N11) -> 19100 | B18: =_xlfn.XLOOKUP(B5,'Raw Data'!B2:B11,'Raw Data'!O2:O11) -> 0 | C18: =_xlfn.XLOOKUP(A5,'Raw Data'!A2:A11,'Raw Data'!Q2:Q11) -> 19100 | D18: =_xlfn.XLOOKUP(B5,'Raw Data'!B2:B11,'Raw Data'!P2:P11) -> 13-3-2026 | E18: {=_xlfn.IFS(B18=0,"Unpaid",A18=B18,"Fully Paid",A18>B18,"Partially Paid")} -> Unpaid
A19: =_xlfn.XLOOKUP(A6,'Raw Data'!A3:A12,'Raw Data'!N3:N12) -> 13000 | B19: =_xlfn.XLOOKUP(B6,'Raw Data'!B3:B12,'Raw Data'!O3:O12) -> 13000 | C19: =_xlfn.XLOOKUP(A6,'Raw Data'!A3:A12,'Raw Data'!Q3:Q12) -> 0 | D19: =_xlfn.XLOOKUP(B6,'Raw Data'!B3:B12,'Raw Data'!P3:P12) -> 23-3-2026 | E19: {=_xlfn.IFS(B19=0,"Unpaid",A19=B19,"Fully Paid",A19>B19,"Partially Paid")} -> Fully Paid
A20: =_xlfn.XLOOKUP(A7,'Raw Data'!A4:A13,'Raw Data'!N4:N13) -> 27700 | B20: =_xlfn.XLOOKUP(B7,'Raw Data'!B4:B13,'Raw Data'!O4:O13) -> 20000 | C20: =_xlfn.XLOOKUP(A7,'Raw Data'!A4:A13,'Raw Data'!Q4:Q13) -> 7700 | D20: =_xlfn.XLOOKUP(B7,'Raw Data'!B4:B13,'Raw Data'!P4:P13) -> 23-3-2026 | E20: {=_xlfn.IFS(B20=0,"Unpaid",A20=B20,"Fully Paid",A20>B20,"Partially Paid")} -> Partially Paid
A21: =_xlfn.XLOOKUP(A8,'Raw Data'!A5:A14,'Raw Data'!N5:N14) -> 1821.5 | B21: =_xlfn.XLOOKUP(B8,'Raw Data'!B5:B14,'Raw Data'!O5:O14) -> 1800 | C21: =_xlfn.XLOOKUP(A8,'Raw Data'!A5:A14,'Raw Data'!Q5:Q14) -> 21.5 | D21: =_xlfn.XLOOKUP(B8,'Raw Data'!B5:B14,'Raw Data'!P5:P14) -> 23-3-2026 | E21: {=_xlfn.IFS(B21=0,"Unpaid",A21=B21,"Fully Paid",A21>B21,"Partially Paid")} -> Partially Paid
A22: =_xlfn.XLOOKUP(A9,'Raw Data'!A6:A15,'Raw Data'!N6:N15) -> 4444 | B22: =_xlfn.XLOOKUP(B9,'Raw Data'!B6:B15,'Raw Data'!O6:O15) -> 4444 | C22: =_xlfn.XLOOKUP(A9,'Raw Data'!A6:A15,'Raw Data'!Q6:Q15) -> 0 | D22: =_xlfn.XLOOKUP(B9,'Raw Data'!B6:B15,'Raw Data'!P6:P15) -> 23-3-2026 | E22: {=_xlfn.IFS(B22=0,"Unpaid",A22=B22,"Fully Paid",A22>B22,"Partially Paid")} -> Fully Paid
A23: =_xlfn.XLOOKUP(A10,'Raw Data'!A7:A16,'Raw Data'!N7:N16) -> 6833.3333 | B23: =_xlfn.XLOOKUP(B10,'Raw Data'!B7:B16,'Raw Data'!O7:O16) -> 6833 | C23: =_xlfn.XLOOKUP(A10,'Raw Data'!A7:A16,'Raw Data'!Q7:Q16) -> 0.33333333 | D23: =_xlfn.XLOOKUP(B10,'Raw Data'!B7:B16,'Raw Data'!P7:P16) -> 23-3-2026 | E23: {=_xlfn.IFS(B23=0,"Unpaid",A23=B23,"Fully Paid",A23>B23,"Partially Paid")} -> Partially Paid
A24: =_xlfn.XLOOKUP(A11,'Raw Data'!A8:A17,'Raw Data'!N8:N17) -> 13001 | B24: =_xlfn.XLOOKUP(B11,'Raw Data'!B8:B17,'Raw Data'!O8:O17) -> 13001 | C24: =_xlfn.XLOOKUP(A11,'Raw Data'!A8:A17,'Raw Data'!Q8:Q17) -> 0 | D24: =_xlfn.XLOOKUP(B11,'Raw Data'!B8:B17,'Raw Data'!P8:P17) -> 23-3-2026 | E24: {=_xlfn.IFS(B24=0,"Unpaid",A24=B24,"Fully Paid",A24>B24,"Partially Paid")} -> Fully Paid
A25: =_xlfn.XLOOKUP(A12,'Raw Data'!A9:A18,'Raw Data'!N9:N18) -> 13301.8 | B25: =_xlfn.XLOOKUP(B12,'Raw Data'!B9:B18,'Raw Data'!O9:O18) -> 6000 | C25: =_xlfn.XLOOKUP(A12,'Raw Data'!A9:A18,'Raw Data'!Q9:Q18) -> 7301.8 | D25: =_xlfn.XLOOKUP(B12,'Raw Data'!B9:B18,'Raw Data'!P9:P18) -> 23-3-2026 | E25: {=_xlfn.IFS(B25=0,"Unpaid",A25=B25,"Fully Paid",A25>B25,"Partially Paid")} -> Partially Paid
A26: =_xlfn.XLOOKUP(A13,'Raw Data'!A10:A19,'Raw Data'!N10:N19) -> 6536.1333 | B26: =_xlfn.XLOOKUP(B13,'Raw Data'!B10:B19,'Raw Data'!O10:O19) -> 0 | C26: =_xlfn.XLOOKUP(A13,'Raw Data'!A10:A19,'Raw Data'!Q10:Q19) -> 6536.1333 | D26: =_xlfn.XLOOKUP(B13,'Raw Data'!B10:B19,'Raw Data'!P10:P19) -> 23-3-2026 | E26: {=_xlfn.IFS(B26=0,"Unpaid",A26=B26,"Fully Paid",A26>B26,"Partially Paid")} -> Unpaid
A27: =_xlfn.XLOOKUP(A14,'Raw Data'!A11:A20,'Raw Data'!N11:N20) -> 6770.5333 | B27: =_xlfn.XLOOKUP(B14,'Raw Data'!B11:B20,'Raw Data'!O11:O20) -> 5000 | C27: =_xlfn.XLOOKUP(A14,'Raw Data'!A11:A20,'Raw Data'!Q11:Q20) -> 1770.5333 | D27: =_xlfn.XLOOKUP(B14,'Raw Data'!B11:B20,'Raw Data'!P11:P20) -> 23-3-2026 | E27: {=_xlfn.IFS(B27=0,"Unpaid",A27=B27,"Fully Paid",A27>B27,"Partially Paid")} -> Partially Paid

Sheet Key Metics
A1: MS TRANSPORT | E1: SALARY SUMMARY - SEPTEMBER 2026
A4: Key Metrics | D4: Payment Status Breakdown
A5: Total Payable Salary: | B5: =SUM('Company Sheet'!A18:A27) -> 112508.3 | D5: Fully Paid | F5: =COUNTIF('Company Sheet'!E18:E27,"Fully Paid") -> 3 | G5: =F5/10 -> 0.3
A6: Total Paid Salary: | B6: =SUM('Company Sheet'!B18:B27) -> 70078 | D6: Partially Paid | F6: =COUNTIF('Company Sheet'!E19:E28,"Partially Paid") -> 5 | G6: =F6/10 -> 0.5
A7: Total Pending Salary: | B7: =SUM('Company Sheet'!C18:C27) -> 42430.3 | D7: Un Paid | F7: =COUNTIF('Company Sheet'!E18:E29,"Unpaid") -> 2 | G7: =F7/10 -> 0.2
A9: Payment Percentage | D9: Top Pending Cases | H9: Critical Cases
A10: Paid | B10: =B6/B5 -> 0.6228696 | D10: Emp.Name | E10: Pending Amount | F10: % Unpaid | H10: {=_xlfn._xlws.FILTER(D11:F20,_xlfn.ANCHORARRAY(F11)=100%)} -> Rida | I10: 19100 | J10: 1
A11: Unpaid | B11: =B7/B5 -> 0.3771304 | D11: =_xlfn.XLOOKUP('Raw Data'!Q2,'Raw Data'!Q2:Q11,'Raw Data'!B2:B11) -> Rida | E11: =_xlfn.XLOOKUP(D11,'Raw Data'!B2:B11,'Raw Data'!Q2:Q11) -> 19100 | F11: {=E11:E20/'Raw Data'!N2:N11} -> 1 | H11: somira | I11: 6536.1333 | J11: 1
D12: =_xlfn.XLOOKUP('Raw Data'!Q3,'Raw Data'!Q3:Q12,'Raw Data'!B3:B12) -> Nisan | E12: =_xlfn.XLOOKUP(D12,'Raw Data'!B3:B12,'Raw Data'!Q3:Q12) -> 0 | F12: 0
D13: =_xlfn.XLOOKUP('Raw Data'!Q4,'Raw Data'!Q4:Q13,'Raw Data'!B4:B13) -> Saqib | E13: =_xlfn.XLOOKUP(D13,'Raw Data'!B4:B13,'Raw Data'!Q4:Q13) -> 7700 | F13: 0.27797834
D14: =_xlfn.XLOOKUP('Raw Data'!Q5,'Raw Data'!Q5:Q14,'Raw Data'!B5:B14) -> Kashif | E14: =_xlfn.XLOOKUP(D14,'Raw Data'!B5:B14,'Raw Data'!Q5:Q14) -> 21.5 | F14: 0.011803459
D15: =_xlfn.XLOOKUP('Raw Data'!Q6,'Raw Data'!Q6:Q15,'Raw Data'!B6:B15) -> Asif | E15: =_xlfn.XLOOKUP(D15,'Raw Data'!B6:B15,'Raw Data'!Q6:Q15) -> 0 | F15: 0
D16: =_xlfn.XLOOKUP('Raw Data'!Q7,'Raw Data'!Q7:Q16,'Raw Data'!B7:B16) -> Rifaq | E16: =_xlfn.XLOOKUP(D16,'Raw Data'!B7:B16,'Raw Data'!Q7:Q16) -> 0.33333333 | F16: 4.8780488e-05
D17: =_xlfn.XLOOKUP('Raw Data'!Q8,'Raw Data'!Q8:Q17,'Raw Data'!B8:B17) -> Faisal | E17: =_xlfn.XLOOKUP(D17,'Raw Data'!B8:B17,'Raw Data'!Q8:Q17) -> 0 | F17: 0
D18: =_xlfn.XLOOKUP('Raw Data'!Q9,'Raw Data'!Q9:Q18,'Raw Data'!B9:B18) -> kamran | E18: =_xlfn.XLOOKUP(D18,'Raw Data'!B9:B18,'Raw Data'!Q9:Q18) -> 7301.8 | F18: 0.54893323
D19: =_xlfn.XLOOKUP('Raw Data'!Q10,'Raw Data'!Q10:Q19,'Raw Data'!B10:B19) -> somira | E19: =_xlfn.XLOOKUP(D19,'Raw Data'!B10:B19,'Raw Data'!Q10:Q19) -> 6536.1333 | F19: 1
D20: =_xlfn.XLOOKUP('Raw Data'!Q11,'Raw Data'!Q11:Q20,'Raw Data'!B11:B20) -> Amana | E20: =_xlfn.XLOOKUP(D20,'Raw Data'!B11:B20,'Raw Data'!Q11:Q20) -> 1770.5333 | F20: 0.26150574
